{
  "provinces_population": {
    "Pinar del Rio": 583037,
    "Artemisa": 514332,
    "La Habana": 2132183,
    "Mayabeque": 384389,
    "Matanzas": 716320,
    "Villa Clara": 775091,
    "Cienfuegos": 406224,
    "Sancti Spiritus": 463844,
    "Ciego de Avila": 435326,
    "Camaguey": 763389,
    "Las Tunas": 533224,
    "Holguin": 1021591,
    "Granma": 817763,
    "Santiago de Cuba": 1045631,
    "Guantanamo": 505606,
    "Isla de la Juventud": 83625
  },

  "total_employees": 47100,

  "total_population": 11181595,
  "teacher_number": 4817,

  "active_man_in_total_population": [0.421, 0.579],
  "active_people_in_working_age": [0.663, 0.336],
  "working_age": [0.606, 0.394],

  "active_man_in_working_age": [0.768, 0.232],
  "active_by_sex": [0.607, 0.393],

  "professors_by_sex": [0.689, 0.31],

  "primary_schools_per_thousand_people": 0.619354261694,
  "secondary_schools_per_thousand_people": 0.150970396208,
  "pre_universitary_schools_per_thousand_people": 0.0255791074144,
  "universities_per_province": 1.26666666667,

  "distribution_by_economic_activity": [
    0.17281478131662253, 0.005663587225703642, 0.004802205138144152,
    0.0099489631113121, 0.07664147124060555, 0.02052242823610483,
    0.05693735598768224, 0.10483020005598984, 0.058272498223399444,
    0.07024570924047635, 0.006912591252664901, 0.01587096496328359,
    0.06449598380601676, 0.006460365656696169, 0.10373193789435149,
    0.11053685638607146, 0.03443374895019058, 0.07644766027090466
  ],
  "women_distribution_by_economic_activity": [0.07589456956545564,
 0.00279467368074963,
 0.002575483588141816,
 0.005260562222587539,
 0.05972930023562935,
 0.0147405337278755,
 0.0170968272234095,
 0.10356731875719218,
 0.07266151569949038,
 0.0349060222477944,
 0.012000657570277823,
 0.019781905857855223,
 0.0745246314866568,
 0.008110033426489123,
 0.18198257438763768,
 0.19946298427311085,
 0.038248671160063565,
 0.07671653241273495],

  "man_distribution_by_economic_activity": [
    0.9241054304345444, 0.9972053263192504, 0.9974245164118581,
    0.9947394377774125, 0.9402706997643706, 0.9852594662721245,
    0.9829031727765905, 0.8964326812428078, 0.9273384843005096,
    0.9650939777522056, 0.9879993424297222, 0.9802180941421448,
    0.9254753685133432, 0.9918899665735109, 0.8180174256123623,
    0.8005370157268892, 0.9617513288399364, 0.9232834675872651
  ]

}
