{
  "HKG":{
      "provinces_population": {
        "HK Island-Central and Western": 235953,
        "HK Island-Wan Chai": 166695,
        "HK Island-Eastern": 529603,
        "HK Island-Southern": 263278,
        "Kowloon-Yau Tsim Mong":310647,
        "Kowloon-Sham Shui Po": 431090,
        "Kowloon-Kowloon City": 410634,
        "Kowloon-Wong Tai Sin": 406802,
        "Kowloon-Kwun Tong": 673166,
        "New Territories-Kwai Tsing": 495798,
        "New Territories-Tsuen Wan": 320094,
        "New Territories-Tuen Mun": 506879,
        "New Territories-Yuen Long": 668080,
        "New Territories-North": 309631,
        "New Territories-Tai Po": 316470,
        "New Territories-Sha Tin": 692806,
        "New Territories-Sai Kung": 489037,
        "New Territories-Islands": 185282,
        "Marine": 1125
      },
    
      "total_employees": 3613200,
    
      "total_population": 7412166,
      "teacher_number": 73077,
    
      "active_man_in_total_population": [0.519,0.48],
      "active_people_in_working_age": [0.5490684739993313, 0.4571025032304594],
      "working_age": [0.448880041333617, 0.551119958666383],
    
      "active_man_in_working_age": [0.6058092691018653, 0.3941907308981347],
      "active_woman_in_working_age": [0.5028538340640252, 0.4971461659359748],
    
      "active_by_sex":[0.49526735303885755, 0.5047326469611425],
    
      "professors_by_sex": [0.7136034593647796, 0.2863965406352204],
    
      "primary_schools_per_thousand_people": 0.07973377822353142,
      "secondary_schools_per_thousand_people": 0.06934545178831666,
      "pre_universitary_schools_per_thousand_people": 0.0024284399458943578,
      "universities_per_province": 0.6666666666666666,
    
      "distribution_by_economic_activity": [0.031, 0.086, 0.155, 0.082, 0.07, 0.036,
       0.076, 0.158, 0.177, 0.123, 0.06],
    
      "woman_distribution_by_economic_activity":[0.023305890005104874, 0.02245348761392533, 0.16825776478676951, 
      0.03466436390796811, 0.07129593258811737, 0.021698093703831516, 0.07898981835029391, 0.1581704730568220
      ],
    
      "man_distribution_by_economic_activity":[0.0395640444780713, 0.15303627799797423, 0.14156798684244248,
       0.13210430662635902, 0.06906157687889097, 0.05058160460247083, 0.07261115339229422, 0.15726278677692213, 
       0.14067599626043673, 0.034012642754707605, 0.009521623389430496],
    
      "age_groups": [[0, 4], [5, 9], [10, 14], [15, 19], [20, 24], [25, 29], [30, 34], [35, 39], [40, 44], [45, 49],
       [50, 54], [55, 59], [60, 64], [65, 69], [70, 74], [75, 79], [80, 84], [85, 100]],
    
      "distribution_by_age_groups": [0.032, 0.04, 0.039, 0.035, 0.046, 0.063, 0.072, 0.08, 0.079, 0.078, 0.077, 0.085,
       0.083, 0.064, 0.048, 0.025, 0.023, 0.03],
    
      "distribution_of_man_or_woman": [0.456, 0.544],
    
      "enrollment_distribution": [0.184, 0.171, 0.407, 0.237],
    
      "neighborhoods_per_thousand_people": 1.0,
    
      "inhabitants_distribution":[0.20236328328773023, 0.2866813179909512, 0.2397712777951664, 0.17054582727068415, 
      0.07177092179565853, 0.028867371859809487]
    },
    
  "PRT":{
      "provinces_population": {
          "Norte": 3601434  ,
          "Centro": 2239686  ,
          "A.M. Lisboa": 2884695 ,
          "Alentejo": 709074 ,
          "Algarve": 469892,
          "R. A. Açores": 237616 ,
          "R. A. Madeira": 251900
      },
    

      "total_employees": 4426461,
    
      "total_population": 10394297,
       
      "teacher_number": 90000, 

      "active_man_in_total_population": [0.4658171957908806, 0.40547938106553705],
      "active_people_in_working_age": [0.5346253022954816, 0.4653746977045184],
      "working_age": [0.4702655761651456, 0.5297344238348544],
    
      "active_man_in_working_age": [0.5746771572090074, 0.4253228427909927],
      "active_woman_in_working_age": [0.4990697337314423, 0.5009302662685576],
    
      "active_by_sex":[0.5054958739952735, 0.4945041260047265],
  
      "professors_by_sex": [0.711, 0.289],
      "primary_schools_per_thousand_people": 0.799476866978113,
      "secondary_schools_per_thousand_people":0.799476866978113,
      "pre_universitary_schools_per_thousand_people": 0.045890549404158834,
      "universities_per_province": 2.5,
    
      "distribution_by_economic_activity": [0.005143612470549272, 0.06057751327753707, 0.18224287980849713, 0.10613151228487046, 
      0.09617254054649979, 0.18426684432552326, 0.022016007822050165, 0.13645867432244405, 0.052634599062320896, 0.1543558160797079],
    
      "woman_distribution_by_economic_activity":[0.0012028010055600744, 0.04538523043316966, 0.22185549336731283, 0.1014998145105729, 
      0.12294884408979992, 0.2330327866963757, 0.00993117305357073, 0.04822863357658179, 0.017805602471963444, 0.19810962079509295],
    
      "man_distribution_by_economic_activity":[0.008933200858310519, 0.07518681371276023, 0.14415034437892585, 0.11058547519505647,
       0.07042373985498063, 0.1373722261564901, 0.03363710411490938, 0.2213030117977812, 0.08612708207217644, 0.1122810018586092],
    
      "age_groups": [[0, 9], [10, 19], [20, 29], [30, 39], [40, 49], [50, 59], [60, 69], [70, 79], [80, 89], [90, 99]],
    
      "distribution_by_age_groups": [0.08124167437392356, 0.09852881147621025, 0.10652141250959822, 0.11663050395308315, 0.15038239144949864, 
      0.14427221096723158, 0.13133784508384652, 0.1021523018416396, 0.0571088882155446, 0.011553150680852274, 0.0002708094485716324],
    
      "distribution_of_man_or_woman": [0.47788340086876485, 0.5246968602109406],
    
      "enrollment_distribution": [0.059, 0.497, 0.247, 0.198],
  
      "neighborhoods_per_thousand_people": 1.0,
    
      "inhabitants_distribution":[0.24773372320139134, 0.3333246567445053, 0.21557732093930823, 0.1474685088028814, 0.055895790311913725]
    },
  
  "AUT":{
      "provinces_population": {
          "Burgenland ": 295983,
          "Kärnten": 562506,
          "Niederösterreich": 1690949,
          "Oberösterreich": 1495952,
          "Salzburg": 559873 ,
          "Steiermark": 1247413 ,
          "Tirol": 759652,
          "Vorarlberg": 399219 ,
          "Wien": 1914743
      },
    
      "total_employees": 4337894,
    
      "total_population": 8926290,
  
      "teacher_number" : 73861,
    
      "active_man_in_total_population": [0.5253692183426709, 0.4746307816573291],
      "active_people_in_working_age": [0.6138684910290286, 0.38613150897097137],
      "working_age": [0.4882784264455748, 0.5117215735544253],
    
      "active_man_in_working_age": [0.6671448405873952, 0.3328551594126048],
      "active_woman_in_working_age": [0.5630328540860087, 0.43696714591399133],
    
      "active_by_sex": [0.5306550796038381, 0.4693449203961619],
    
      "professors_by_sex": [0.671, 0.329],
    
      "primary_schools_per_thousand_people": 0.3328370465221273,
      "secondary_schools_per_thousand_people": 0.1425004117051989,
      "pre_universitary_schools_per_thousand_people": 0.1425004117051989,
      "universities_per_province": 4.666666666666667,
    
      "distribution_by_economic_activity": 
      [0.02377236511542237, 0.0016129946928163759, 0.14524674876795052, 0.0057684673714940935, 
      0.005481461741573215, 0.07270786238667888, 0.1539339135534432, 0.046609714299150694, 
      0.052265223631559464, 0.02937462280083377, 0.02905903187122599, 0.01711821450685517, 
      0.06624850676388128, 0.05587273455736816, 0.06877277314752274, 0.06758809689678909, 
      0.10676909117650178, 0.014978235982714192, 0.027894872488816003, 0.0010546592424803371, 
      0.0005385101618435121, 0.007331898843079153],